,image_name,coarse_grained_class,caption,class_id
0,eval/images/hat_44b4dad8c9_2_00150.jpg,hat,an * on the head of a person with a dark blue shirt.,hat_44b4dad8c9_2
1,eval/images/shark_2cc5d9c5f6_3_00175.jpg,shark,* is underneath the big darker shark.,shark_2cc5d9c5f6_3
2,eval/images/airplane_728cda9b65_1_00085.jpg,airplane,an * with white smoke next to one with blue smoke.,airplane_728cda9b65_1
3,eval/images/lion_da6003fc72_2_00145.jpg,lion,tail of * is near the legs of the man.,lion_da6003fc72_2
4,eval/images/cow_161eb59aad_2_00095.jpg,cow,an * next to a baby giraffe.,cow_161eb59aad_2
5,eval/images/sheep_827cf4f886_2_00090.jpg,sheep,* stands in the middle of broken branches.,sheep_827cf4f886_2
6,eval/images/dog_80db581acd_2_00095.jpg,dog,an * with light brown and white fur.,dog_80db581acd_2
7,eval/images/hat_eb6d7ab39e_3_00115.jpg,hat,a white * being worn by a man in a blue shirt.,hat_eb6d7ab39e_3
8,eval/images/sheep_9e6ddbb52d_1_00090.jpg,sheep,an * walking in front of another sheep.,sheep_9e6ddbb52d_1
9,eval/images/frisbee_c34d120a88_1_00175.jpg,frisbee,* lays on the ground between two dark square objects.,frisbee_c34d120a88_1
10,eval/images/duck_4b3154c159_1_00165.jpg,duck,an * dips its head in the water.,duck_4b3154c159_1
11,eval/images/bird_0866d4c5e3_1_00090.jpg,bird,an * with it's peak in the ground.,bird_0866d4c5e3_1
12,eval/images/monkey_2fc9520b53_5_00175.jpg,monkey,a yellow * being held by another monkey.,monkey_2fc9520b53_5
13,eval/images/person_946d71fb5d_1_00095.jpg,person,an * riding a horse.,person_946d71fb5d_1
14,eval/images/person_3aa7fce8b6_1_00090.jpg,person,an * is balding.,person_3aa7fce8b6_1
15,eval/images/giraffe_03a06cc98a_2_00095.jpg,giraffe,*'s neck is parallel to the pole with the thatched umbrella top.,giraffe_03a06cc98a_2
16,eval/images/hat_eb6d7ab39e_2_00115.jpg,hat,* is on the head of a man whose shoulders are draped in a plaid scarf.,hat_eb6d7ab39e_2
17,eval/images/sheep_a9c9c1517e_5_00055.jpg,sheep,an * is white with black splotches.,sheep_a9c9c1517e_5
18,eval/images/ape_30c35c64a4_1_00145.jpg,ape,an * holding a baby.,ape_30c35c64a4_1
19,eval/images/person_8ff61619f6_2_00275.jpg,person,an * in an orange dress next to a vehicle.,person_8ff61619f6_2
20,eval/images/bear_728e81c319_2_00090.jpg,bear,an * walking beside a larger bear.,bear_728e81c319_2
21,eval/images/zebra_f9e4cc5a0a_2_00095.jpg,zebra,* stands sideways with its rear above water touching the rear of a zebra.,zebra_f9e4cc5a0a_2
22,eval/images/dolphin_0f2ab8b1ff_3_00175.jpg,dolphin,an * to the far right of the other dolphins.,dolphin_0f2ab8b1ff_3
23,eval/images/parrot_c36240d96f_1_00145.jpg,parrot,an * standing over a blue shoe.,parrot_c36240d96f_1
24,eval/images/parrot_365f459863_1_00175.jpg,parrot,an * closest to the corner of the roof.,parrot_365f459863_1
25,eval/images/rabbit_e6295f223f_4_00175.jpg,rabbit,a small white * that would have to travel farthest to get to the opening of the box.,rabbit_e6295f223f_4
26,eval/images/zebra_f9e4cc5a0a_1_00095.jpg,zebra,*'s rear end is above water and touches rear of another zebra who faces sideways.,zebra_f9e4cc5a0a_1
27,eval/images/parrot_351cfd6bc5_2_00175.jpg,parrot,yellow * stands on edge of food bowl and touches a blue parrot.,parrot_351cfd6bc5_2
28,eval/images/person_05a0a513df_1_00095.jpg,person,an * with a blue and yellow jacket.,person_05a0a513df_1
29,eval/images/person_3a079fb484_2_00175.jpg,person,an * attached to a person.,person_3a079fb484_2
30,eval/images/fish_1180cbf814_1_00175.jpg,fish,an * swimming above the rocks.,fish_1180cbf814_1
31,eval/images/zebra_4783d2ab87_2_00095.jpg,zebra,"an * mostly hidden behind another animal, with only its head and back legs visible.",zebra_4783d2ab87_2
32,eval/images/sheep_779e847a9a_1_00080.jpg,sheep,an * behind another sheep.,sheep_779e847a9a_1
33,eval/images/cow_161eb59aad_3_00095.jpg,cow,an * grazing next to a white branch.,cow_161eb59aad_3
34,eval/images/rabbit_e6295f223f_3_00175.jpg,rabbit,an * hiding inside of a box.,rabbit_e6295f223f_3
35,eval/images/person_731b825695_1_00140.jpg,person,an * that is bent over.,person_731b825695_1
36,eval/images/person_193ffaa217_3_00090.jpg,person,* is straddling but not seated on the bike whose front wheel touches the white line.,person_193ffaa217_3
37,eval/images/sedan_5a4a785006_2_00095.jpg,sedan,a red * parked in front of a yellow car.,sedan_5a4a785006_2
38,eval/images/duck_afb71e22c5_3_00090.jpg,duck,an * is almost touching a duck.,duck_afb71e22c5_3
39,eval/images/monkey_2fc9520b53_1_00175.jpg,monkey,an * sitting behind six other monkeys.,monkey_2fc9520b53_1
40,eval/images/earless_seal_1e1a18c45a_3_00175.jpg,earless_seal,the front of an *  with its nose extended directly upward towards the sky.,earless_seal_1e1a18c45a_3
41,eval/images/rabbit_6bf584200f_2_00170.jpg,rabbit,an * stands behind white bars.,rabbit_6bf584200f_2
42,eval/images/giraffe_c3be369fdb_3_00090.jpg,giraffe,* stands alone facing forward by a group of rocks.,giraffe_c3be369fdb_3
43,eval/images/person_d38bc77e2c_1_00195.jpg,person,an * wearing a black and white striped shirt.,person_d38bc77e2c_1
44,eval/images/monkey_ff5a1ec4f3_2_00175.jpg,monkey,an * standing on the back of a bicycle.,monkey_ff5a1ec4f3_2
45,eval/images/person_0891ac2eb6_3_00080.jpg,person,an * sitting on a chair talking to someone.,person_0891ac2eb6_3
46,eval/images/parrot_5158d6e985_2_00175.jpg,parrot,an * perched on a branch while facing right.,parrot_5158d6e985_2
47,eval/images/zebra_6cccc985e0_1_00095.jpg,zebra,* is closest to the zebra that faces directly forward.,zebra_6cccc985e0_1
48,eval/images/sheep_b4d84bc371_5_00175.jpg,sheep,an * has a blue tag on its ear.,sheep_b4d84bc371_5
49,eval/images/dolphin_24866b4e6a_3_00145.jpg,dolphin,an * crosses a large dolphins rear fin while swimming down.,dolphin_24866b4e6a_3
50,eval/images/person_51e85b347b_2_00175.jpg,person,an * driving a red motorcycle with their left foot on the ground.,person_51e85b347b_2
51,eval/images/fish_a74b9ca19c_2_00175.jpg,fish,an * below the skinniest gray fish.,fish_a74b9ca19c_2
52,eval/images/person_4baa1ed4aa_2_00090.jpg,person,an * in the back window of the fire truck.,person_4baa1ed4aa_2
53,eval/images/dog_e33c18412a_1_00070.jpg,dog,* faces away from the white curb.,dog_e33c18412a_1
54,eval/images/bucket_ab33a18ded_2_00095.jpg,bucket,a red * resting on the edge of a sandbox.,bucket_ab33a18ded_2
55,eval/images/person_454f227427_2_00240.jpg,person,an * with long black hair.,person_454f227427_2
56,eval/images/ape_551acbffd5_1_00145.jpg,ape,"an adult * that is partially hidden behind a log, but face still mostly visible.",ape_551acbffd5_1
57,eval/images/duck_466ba4ae0c_4_00175.jpg,duck,* is completely behind the pace of the walking man.,duck_466ba4ae0c_4
58,eval/images/bird_c9c3cb3797_3_00090.jpg,bird,an * in the middle of the rocks.,bird_c9c3cb3797_3
59,eval/images/earless_seal_1e1a18c45a_2_00175.jpg,earless_seal,"an * on the rocks, farthest away from the source of water.",earless_seal_1e1a18c45a_2
60,eval/images/dolphin_8bdb091ccf_1_00175.jpg,dolphin,* is closest to the sharper corner of the pool.,dolphin_8bdb091ccf_1
61,eval/images/ape_64453cf61d_3_00175.jpg,ape,an * moving through a doorway.,ape_64453cf61d_3
62,eval/images/person_8ff61619f6_3_00275.jpg,person,an * is closest to the street from the middle door.,person_8ff61619f6_3
63,eval/images/person_94cf3a8025_2_00095.jpg,person,an * wearing white pants.,person_94cf3a8025_2
64,eval/images/sheep_07353b2a89_2_00145.jpg,sheep,rear of * is behind the man's bent leg.,sheep_07353b2a89_2
65,eval/images/sign_77ba4edc72_2_00095.jpg,sign,an * at the front of the drive way.,sign_77ba4edc72_2
66,eval/images/duck_2e03b8127a_2_00175.jpg,duck,*'s body appears to touch the curved black neck of a goose.,duck_2e03b8127a_2
67,eval/images/sheep_1aa3da3ee3_3_00145.jpg,sheep,an * is only visible by its tail.,sheep_1aa3da3ee3_3
68,eval/images/sheep_827cf4f886_1_00090.jpg,sheep,an * in the middle of the others sheep.,sheep_827cf4f886_1
69,eval/images/hat_44b4dad8c9_3_00150.jpg,hat,* is on the head of the person wearing dark goggles.,hat_44b4dad8c9_3
70,eval/images/person_362c5bc56e_3_00175.jpg,person,an * wearing a white shirt.,person_362c5bc56e_3
71,eval/images/sedan_5a4a785006_3_00095.jpg,sedan,* is directly behind a red car.,sedan_5a4a785006_3
72,eval/images/fish_2bab50f9a7_2_00175.jpg,fish,* is directly next to and facing the aquarium's glass side.,fish_2bab50f9a7_2
73,eval/images/person_2f97d9fecb_3_00095.jpg,person,an * bending over in a white shirt.,person_2f97d9fecb_3
74,eval/images/person_939bdf742e_2_00190.jpg,person,an * wearing a dark blue jacket.,person_939bdf742e_2
75,eval/images/person_165c3c8cd4_1_00095.jpg,person,an * wearing a black and white striped shirt.,person_165c3c8cd4_1
76,eval/images/giraffe_c8f494f416_3_00095.jpg,giraffe,an * behind two other giraffes.,giraffe_c8f494f416_3
77,eval/images/penguin_2db0576a5c_1_00175.jpg,penguin,an * stands alone.,penguin_2db0576a5c_1
78,eval/images/plant_4c25dfa8ec_2_00170.jpg,plant,* is between the two shorter white pillars.,plant_4c25dfa8ec_2
79,eval/images/fish_a74b9ca19c_1_00175.jpg,fish,an * with a black and white tail.,fish_a74b9ca19c_1
80,eval/images/tiger_4e824b9247_3_00175.jpg,tiger,a baby * pushing its snout into fur.,tiger_4e824b9247_3
81,eval/images/person_485f3944cd_2_00100.jpg,person,an * rows while shirtless.,person_485f3944cd_2
82,eval/images/person_d38bc77e2c_2_00195.jpg,person,* walks behind the crouching white-shirted person.,person_d38bc77e2c_2
83,eval/images/horse_f54c67b9bb_1_00095.jpg,horse,an * is white with large brown spots.,horse_f54c67b9bb_1
84,eval/images/person_ff15a5eff6_1_00140.jpg,person,"an * in midair, riding a dirt bike.",person_ff15a5eff6_1
85,eval/images/airplane_728cda9b65_2_00085.jpg,airplane,* is at the front of a v-shaped formation.,airplane_728cda9b65_2
86,eval/images/sedan_a2c996e429_3_00295.jpg,sedan,a black * next to a bus.,sedan_a2c996e429_3
87,eval/images/duck_83d40bcba5_3_00085.jpg,duck,* is standing out of the pool of water and facing away from it.,duck_83d40bcba5_3
88,eval/images/person_540850e1c7_2_00195.jpg,person,an * wearing a black shirt and a white helmet.,person_540850e1c7_2
89,eval/images/ape_efce0c1868_5_00175.jpg,ape,* is hidden behind the crouching ape.,ape_efce0c1868_5
90,eval/images/person_4fdfef4dea_3_00090.jpg,person,an * riding a bike that will reach the downward hill second.,person_4fdfef4dea_3
91,eval/images/person_a99738f24c_3_00160.jpg,person,* faces forward and shakes hand of man facing water.,person_a99738f24c_3
92,eval/images/person_4fdfef4dea_1_00090.jpg,person,* is riding on the fluorescent green bicycle.,person_4fdfef4dea_1
93,eval/images/penguin_dc704dd647_2_00175.jpg,penguin,an * walking behind another penguin.,penguin_dc704dd647_2
94,eval/images/person_05a0a513df_2_00095.jpg,person,an * wearing a beige jacket.,person_05a0a513df_2
95,eval/images/person_a4757bd7af_2_00095.jpg,person,an * in riding attire on a horse.,person_a4757bd7af_2
96,eval/images/dog_76962c7ed2_2_00070.jpg,dog,* is face to face with a slightly bigger black dog.,dog_76962c7ed2_2
97,eval/images/frisbee_f7782c430e_2_00145.jpg,frisbee,* is held next to a white frisbee.,frisbee_f7782c430e_2
98,eval/images/monkey_2fc9520b53_2_00175.jpg,monkey,"an * holding food in its right hand, facing away from the rest.",monkey_2fc9520b53_2
99,eval/images/giraffe_03a06cc98a_1_00095.jpg,giraffe,an * that isn't tall enough to peek its head over the fence.,giraffe_03a06cc98a_1
100,eval/images/zebra_4783d2ab87_3_00095.jpg,zebra,* stands parallel behind a zebra but facing the opposite direction.,zebra_4783d2ab87_3
101,eval/images/person_e42b6d3dbb_2_00110.jpg,person,an * wearing a black shirt.,person_e42b6d3dbb_2
102,eval/images/person_79f014085e_1_00090.jpg,person,an * directly behind a brown horse.,person_79f014085e_1
103,eval/images/person_5914c30f05_3_00095.jpg,person,an * wearing a blue shirt standing behind a tree.,person_5914c30f05_3
104,eval/images/person_454f227427_1_00240.jpg,person,an * marching between two girls.,person_454f227427_1
105,eval/images/penguin_18b245ab49_1_00090.jpg,penguin,an * in front of the other penguins.,penguin_18b245ab49_1
106,eval/images/penguin_2db0576a5c_2_00175.jpg,penguin,* is the most forward in a group of four.,penguin_2db0576a5c_2
107,eval/images/fish_1180cbf814_2_00175.jpg,fish,a yellow * swimming above a white fish.,fish_1180cbf814_2
108,eval/images/dog_2a18873352_2_00090.jpg,dog,a white * playing with a black dog.,dog_2a18873352_2
109,eval/images/person_8dd3ab71b9_1_00090.jpg,person,an * with a blue shirt in last place.,person_8dd3ab71b9_1
110,eval/images/giraffe_189ac8208a_2_00090.jpg,giraffe,* stands under a high metal rack that holds hay.,giraffe_189ac8208a_2
111,eval/images/person_e5ce96a55d_1_00060.jpg,person,an * wearing a black shirt and white gloves.,person_e5ce96a55d_1
112,eval/images/monkey_838eb3bd89_1_00175.jpg,monkey,an * with brown fir in a red shirt.,monkey_838eb3bd89_1
113,eval/images/person_165c3c8cd4_2_00095.jpg,person,an * with a strap on their back,person_165c3c8cd4_2
114,eval/images/bear_c279e641ee_1_00095.jpg,bear,an * holding a paw off the ground.,bear_c279e641ee_1
115,eval/images/person_c92c8c3c75_3_00095.jpg,person,* stands fully upright by a greenish boat on the water's edge.,person_c92c8c3c75_3
116,eval/images/person_3a079fb484_1_00175.jpg,person,an * attached to a person.,person_3a079fb484_1
117,eval/images/person_9002761b41_3_00095.jpg,person,an * in a black and white shirt rides a black horse.,person_9002761b41_3
118,eval/images/person_59b175e138_1_00095.jpg,person,an * speaks into the microphone.,person_59b175e138_1
119,eval/images/sheep_a7491f1578_3_00145.jpg,sheep,*'s rear is overlapped by the black face of a young sheep.,sheep_a7491f1578_3
120,eval/images/monkey_08e1e4de15_4_00175.jpg,monkey,a small * perched on the largest standalone rock with its arm partially covering its face.,monkey_08e1e4de15_4
121,eval/images/dolphin_c27adaeac5_2_00175.jpg,dolphin,an * under the bigger dolphin.,dolphin_c27adaeac5_2
122,eval/images/person_0321b18c10_1_00090.jpg,person,an * wearing a tank top.,person_0321b18c10_1
123,eval/images/rabbit_6bf584200f_1_00170.jpg,rabbit,an * behind the links.,rabbit_6bf584200f_1
124,eval/images/person_d9e52be2d2_1_00095.jpg,person,an * wearing a yellow shirt standing on a boat.,person_d9e52be2d2_1
125,eval/images/dolphin_c27adaeac5_3_00175.jpg,dolphin,* is obscured behind a big dophin.,dolphin_c27adaeac5_3
126,eval/images/dolphin_0f2ab8b1ff_2_00175.jpg,dolphin,* is closest to the gray dolphin with the most curving body.,dolphin_0f2ab8b1ff_2
127,eval/images/zebra_6cccc985e0_2_00095.jpg,zebra,* stands apart from other similar entities and faces forward.,zebra_6cccc985e0_2
128,eval/images/monkey_ff5a1ec4f3_4_00175.jpg,monkey,an * looking at a bicycle pedal.,monkey_ff5a1ec4f3_4
129,eval/images/plant_4c25dfa8ec_3_00170.jpg,plant,* is next to the shorter white pillar and no other pillar.,plant_4c25dfa8ec_3
130,eval/images/rabbit_e6295f223f_1_00175.jpg,rabbit,an * hiding behind a box closest to the side without a side flap extending outward.,rabbit_e6295f223f_1
131,eval/images/duck_afb71e22c5_1_00090.jpg,duck,an * looks at the duck to its right.,duck_afb71e22c5_1
132,eval/images/fish_2bab50f9a7_1_00175.jpg,fish,an * nibbling the tail of a fish.,fish_2bab50f9a7_1
133,eval/images/person_0a23765d15_2_00135.jpg,person,an * behind a box.,person_0a23765d15_2
134,eval/images/earless_seal_1e1a18c45a_1_00175.jpg,earless_seal,* is poised with its chest over a gap in the rock.,earless_seal_1e1a18c45a_1
135,eval/images/cow_282b0d51f5_1_00095.jpg,cow,* faces away from the darker cow.,cow_282b0d51f5_1
136,eval/images/plant_01c76f0a82_3_00095.jpg,plant,* is visible directly above the top of the white car.,plant_01c76f0a82_3
137,eval/images/person_c079a6482d_1_00095.jpg,person,* is astride the horse with the bright white facial coloring.,person_c079a6482d_1
138,eval/images/leopard_9eadcea74f_2_00170.jpg,leopard,* is on a tree's trunk.,leopard_9eadcea74f_2
139,eval/images/person_939bdf742e_1_00190.jpg,person,an * wearing a white coat.,person_939bdf742e_1
140,eval/images/sheep_07353b2a89_1_00145.jpg,sheep,an * closest to the gate.,sheep_07353b2a89_1
141,eval/images/person_54657855cd_2_00095.jpg,person,an * wearing white and red shorts.,person_54657855cd_2
142,eval/images/sheep_9e6ddbb52d_2_00090.jpg,sheep,an * walking behind another sheep.,sheep_9e6ddbb52d_2
143,eval/images/tiger_4e824b9247_2_00175.jpg,tiger,*'s back is touched by the muzzle of a tiger cub.,tiger_4e824b9247_2
144,eval/images/person_54657855cd_3_00095.jpg,person,* is riding closest to a stone wall.,person_54657855cd_3
145,eval/images/frisbee_c34d120a88_2_00175.jpg,frisbee,an * is in a boy's hand.,frisbee_c34d120a88_2
146,eval/images/sheep_b4d84bc371_3_00175.jpg,sheep,hornless * stands facing forward in front of a horned sheep.,sheep_b4d84bc371_3
147,eval/images/person_d9e52be2d2_3_00095.jpg,person,an * standing on the middle boat.,person_d9e52be2d2_3
148,eval/images/dolphin_8bdb091ccf_2_00175.jpg,dolphin,an * behind someone talking on a microphone.,dolphin_8bdb091ccf_2
149,eval/images/bird_c9c3cb3797_1_00090.jpg,bird,an * perched on a rock while facing to the right.,bird_c9c3cb3797_1
150,eval/images/person_51e85b347b_1_00175.jpg,person,an * wearing a black helmet and a black jacket.,person_51e85b347b_1
151,eval/images/person_2f97d9fecb_2_00095.jpg,person,an * standing next to a bent over person.,person_2f97d9fecb_2
152,eval/images/sedan_a2c996e429_2_00295.jpg,sedan,a four-door * closest to the side of the road with palm trees and a picket fence.,sedan_a2c996e429_2
153,eval/images/frisbee_65ab7e1d98_4_00175.jpg,frisbee,an * completely flat on the ground and by the back foot of a dog.,frisbee_65ab7e1d98_4
154,eval/images/sign_77ba4edc72_3_00095.jpg,sign,* is on a post at the corner of the green lawn and brick drive.,sign_77ba4edc72_3
155,eval/images/dolphin_24866b4e6a_1_00145.jpg,dolphin,an * in the middle of other dolphins.,dolphin_24866b4e6a_1
156,eval/images/bear_f9d3e04c4f_1_00090.jpg,bear,an * with dark brown fur.,bear_f9d3e04c4f_1
157,eval/images/person_485f3944cd_3_00100.jpg,person,an * wearing a red hat.,person_485f3944cd_3
158,eval/images/person_75504539c3_4_00090.jpg,person,an * wearing a black and white helmet.,person_75504539c3_4
159,eval/images/shark_2cc5d9c5f6_2_00175.jpg,shark,an * behind the other sharks.,shark_2cc5d9c5f6_2
160,eval/images/monkey_2fc9520b53_3_00175.jpg,monkey,an * sitting next to an animal with food in its right hand.,monkey_2fc9520b53_3
161,eval/images/monkey_2fc9520b53_4_00175.jpg,monkey,an * holding a small yellow monkey.,monkey_2fc9520b53_4
162,eval/images/person_540850e1c7_1_00195.jpg,person,* is astride a bike labeled with card 33.,person_540850e1c7_1
163,eval/images/person_4baa1ed4aa_3_00090.jpg,person,* is partly out the truck's middle window.,person_4baa1ed4aa_3
164,eval/images/turtle_beeb8a3f92_3_00145.jpg,turtle,an * with its face closest to the red empty bowl.,turtle_beeb8a3f92_3
165,eval/images/ape_30c35c64a4_2_00145.jpg,ape,an * clinging to a large gorilla.,ape_30c35c64a4_2
166,eval/images/person_c079a6482d_3_00095.jpg,person,an * on a horse beneath a ford advertisement.,person_c079a6482d_3
167,eval/images/person_bb89a6b18a_3_00085.jpg,person,an * wearing red and white shorts.,person_bb89a6b18a_3
168,eval/images/person_4db117e6c5_3_00090.jpg,person,an * wearing a black jacket in front of a white sign.,person_4db117e6c5_3
169,eval/images/fish_77d8aa8691_5_00175.jpg,fish,an * in the middle of the fish.,fish_77d8aa8691_5
170,eval/images/person_59b175e138_2_00095.jpg,person,an * at the front of the other people.,person_59b175e138_2
171,eval/images/plant_4c25dfa8ec_1_00170.jpg,plant,a smaller * next to the tallest planter.,plant_4c25dfa8ec_1
172,eval/images/frisbee_f7782c430e_1_00145.jpg,frisbee,* is held in hand next to a similar red object.,frisbee_f7782c430e_1
173,eval/images/person_79f014085e_2_00090.jpg,person,an * behind a brown horse.,person_79f014085e_2
174,eval/images/person_3c8320669c_4_00175.jpg,person,* is behind the person with a black and white cap.,person_3c8320669c_4
175,eval/images/duck_afb71e22c5_2_00090.jpg,duck,an * closest to the furthest duck.,duck_afb71e22c5_2
176,eval/images/parrot_351cfd6bc5_5_00175.jpg,parrot,the blue * is on a bowl that has only one other bird on its edge.,parrot_351cfd6bc5_5
177,eval/images/sheep_07353b2a89_4_00145.jpg,sheep,an * directly in front of a white sign with green lettering.,sheep_07353b2a89_4
178,eval/images/horse_f54c67b9bb_3_00095.jpg,horse,* is about to step from a smooth surface to rough sand.,horse_f54c67b9bb_3
179,eval/images/sheep_a9c9c1517e_3_00055.jpg,sheep,an * at the front of the sheep.,sheep_a9c9c1517e_3
180,eval/images/cow_282b0d51f5_2_00095.jpg,cow,an * in front of a person on a gate.,cow_282b0d51f5_2
181,eval/images/duck_3c700f073e_2_00175.jpg,duck,* is slightly lower than the duck next to it.,duck_3c700f073e_2
182,eval/images/plant_01c76f0a82_2_00095.jpg,plant,* appears to be above the hood of the dark red car.,plant_01c76f0a82_2
183,eval/images/person_d9e52be2d2_2_00095.jpg,person,"an * with their face visible, sitting higher than the others on the red boat.",person_d9e52be2d2_2
184,eval/images/bucket_ab33a18ded_3_00095.jpg,bucket,a red * laying by a yellow shovel.,bucket_ab33a18ded_3
185,eval/images/giraffe_03a06cc98a_3_00095.jpg,giraffe,an * that could eat from higher branches the others may not be able to even reach.,giraffe_03a06cc98a_3
186,eval/images/bear_c279e641ee_2_00095.jpg,bear,* stands behind a similar bear with lowered head.,bear_c279e641ee_2
187,eval/images/person_bb721eb9aa_3_00175.jpg,person,an * in the pool next to chairs.,person_bb721eb9aa_3
188,eval/images/fish_26f7784762_2_00175.jpg,fish,* is directly above a green leaf and faces forward.,fish_26f7784762_2
189,eval/images/duck_2e03b8127a_1_00175.jpg,duck,an * about to step onto the street.,duck_2e03b8127a_1
190,eval/images/shark_ae1bcbd423_2_00175.jpg,shark,an * furthest from the humans.,shark_ae1bcbd423_2
191,eval/images/frisbee_65ab7e1d98_5_00175.jpg,frisbee,an * falling to the ground.,frisbee_65ab7e1d98_5
192,eval/images/turtle_beeb8a3f92_2_00145.jpg,turtle,an * hiding between a box and two other turtles.,turtle_beeb8a3f92_2
193,eval/images/person_946d71fb5d_3_00095.jpg,person,an * in a white shirt.,person_946d71fb5d_3
194,eval/images/lion_bb1c770fe7_3_00145.jpg,lion,an * laying on the ground between two trees.,lion_bb1c770fe7_3
195,eval/images/person_c92c8c3c75_2_00095.jpg,person,an * wearing a white t-shirt standing behind a person with a yellow t-shirt.,person_c92c8c3c75_2
196,eval/images/zebra_13e3070469_2_00200.jpg,zebra,a black and white * that is smaller than the others in a natural environment.,zebra_13e3070469_2
197,eval/images/zebra_5ed838bd5c_3_00095.jpg,zebra,"* stands on the edge of watering hole, not in it, facing away from it.",zebra_5ed838bd5c_3
198,eval/images/duck_466ba4ae0c_3_00175.jpg,duck,an * with brown feathers.,duck_466ba4ae0c_3
199,eval/images/person_8dd3ab71b9_2_00090.jpg,person,an * is one bike away from being last.,person_8dd3ab71b9_2
200,eval/images/lion_da6003fc72_1_00145.jpg,lion,an * walking in front of another lion.,lion_da6003fc72_1
201,eval/images/dog_2a18873352_1_00090.jpg,dog,a black * playing with a white dog.,dog_2a18873352_1
202,eval/images/sheep_a7491f1578_1_00145.jpg,sheep,* is closest to the largest grazing cow.,sheep_a7491f1578_1
203,eval/images/person_bb721eb9aa_1_00175.jpg,person,* is directly in front of a flat white float.,person_bb721eb9aa_1
204,eval/images/person_8345358fb8_3_00090.jpg,person,an * in a white shirt and blue jeans.,person_8345358fb8_3
205,eval/images/person_46146dfd39_1_00090.jpg,person,an * riding in the back of a line of people.,person_46146dfd39_1
206,eval/images/cow_77610860e0_3_00055.jpg,cow,an * watches calves play.,cow_77610860e0_3
207,eval/images/person_c55784c766_1_00175.jpg,person,an * with green and blue jacket.,person_c55784c766_1
208,eval/images/ape_64453cf61d_2_00175.jpg,ape,* is closest to the middle of the wire fence.,ape_64453cf61d_2
209,eval/images/person_d38bc77e2c_3_00195.jpg,person,* stands partly obscured by person in striped shirt.,person_d38bc77e2c_3
210,eval/images/fish_26f7784762_1_00175.jpg,fish,* is highest above the green leaves.,fish_26f7784762_1
211,eval/images/sheep_07353b2a89_3_00145.jpg,sheep,an * between the man's legs.,sheep_07353b2a89_3
212,eval/images/person_0321b18c10_2_00090.jpg,person,an * wearing a red shirt.,person_0321b18c10_2
213,eval/images/cat_4918d10ff0_3_00090.jpg,cat,an * behind the other two cats.,cat_4918d10ff0_3
214,eval/images/dog_80db581acd_3_00095.jpg,dog,* is behind and alongside a dog.,dog_80db581acd_3
215,eval/images/zebra_5ed838bd5c_2_00095.jpg,zebra,an * standing on land close to water.,zebra_5ed838bd5c_2
216,eval/images/ape_efce0c1868_2_00175.jpg,ape,"an * sitting, facing two other animals with only it's back and left arm visible.",ape_efce0c1868_2
217,eval/images/duck_8799ab0118_2_00095.jpg,duck,a black and white *.,duck_8799ab0118_2
218,eval/images/sheep_1aa3da3ee3_4_00145.jpg,sheep,an * standing in front of  the farthest sheep.,sheep_1aa3da3ee3_4
219,eval/images/sheep_b4d84bc371_2_00175.jpg,sheep,an * to the side of a sheep with a blue ear tag.,sheep_b4d84bc371_2
220,eval/images/ape_551acbffd5_2_00145.jpg,ape,an * hiding behind a log.,ape_551acbffd5_2
221,eval/images/person_59623ec40b_2_00090.jpg,person,"an * on stage, standing up straighter than the others with a flat back.",person_59623ec40b_2
222,eval/images/sheep_f5966cadd2_2_00175.jpg,sheep,an * standing between two other sheep.,sheep_f5966cadd2_2
223,eval/images/person_8345358fb8_1_00090.jpg,person,an * walking along the train in a gray sweater.,person_8345358fb8_1
224,eval/images/person_46146dfd39_3_00090.jpg,person,*'s bike is not in line with the long row of bikes.,person_46146dfd39_3
225,eval/images/zebra_13e3070469_3_00200.jpg,zebra,"* walks alongside a small, young zebra.",zebra_13e3070469_3
226,eval/images/elephant_0358b938c1_2_00230.jpg,elephant,an * sitting in the water with its front feet above the surface.,elephant_0358b938c1_2
227,eval/images/sheep_779e847a9a_2_00080.jpg,sheep,an * that appears to have made it to the top of the hill sooner.,sheep_779e847a9a_2
228,eval/images/person_5914c30f05_2_00095.jpg,person,an * with green cylinders in their hand.,person_5914c30f05_2
229,eval/images/sheep_9d407c3aeb_1_00095.jpg,sheep,an * behind another sheep.,sheep_9d407c3aeb_1
230,eval/images/person_4db117e6c5_2_00090.jpg,person,an * in a red coat walking behind a pole.,person_4db117e6c5_2
231,eval/images/sheep_8891aa6dfa_1_00090.jpg,sheep,a young * farthest away from the only adult.,sheep_8891aa6dfa_1
232,eval/images/bear_728e81c319_1_00090.jpg,bear,an * is near the water with its baby.,bear_728e81c319_1
233,eval/images/airplane_728cda9b65_3_00085.jpg,airplane,* is next to and slightly ahead of the lead plane trailing red smoke.,airplane_728cda9b65_3
234,eval/images/truck_b4807569a5_3_00095.jpg,truck,an * close to a white building.,truck_b4807569a5_3
235,eval/images/person_9002761b41_1_00095.jpg,person,an * in a red shirt rides a black horse.,person_9002761b41_1
236,eval/images/fish_3eb39d11ab_3_00175.jpg,fish,a black * swimming in front of a plant.,fish_3eb39d11ab_3
237,eval/images/fish_981ff580cf_1_00175.jpg,fish,a white * in the back of the tank.,fish_981ff580cf_1
238,eval/images/giraffe_c3be369fdb_2_00090.jpg,giraffe,* is directly above a zebra and facing the same direction as it.,giraffe_c3be369fdb_2
239,eval/images/hat_44b4dad8c9_1_00150.jpg,hat,* is atop the head of a man wearing red shorts.,hat_44b4dad8c9_1
240,eval/images/person_0891ac2eb6_2_00080.jpg,person,an * sitting next to a woman.,person_0891ac2eb6_2
241,eval/images/person_362c5bc56e_1_00175.jpg,person,an * wearing a blue shirt.,person_362c5bc56e_1
242,eval/images/parrot_365f459863_2_00175.jpg,parrot,* faces the corner of the brick ledge.,parrot_365f459863_2
243,eval/images/person_27659fa7d6_3_00175.jpg,person,an * wearing a red shirt.,person_27659fa7d6_3
244,eval/images/person_3c8320669c_2_00175.jpg,person,an * in all black riding a wave on a surfboard.,person_3c8320669c_2
245,eval/images/fish_981ff580cf_2_00175.jpg,fish,an * directly above the black power supply to the pump.,fish_981ff580cf_2
246,eval/images/person_25ad437e29_1_00215.jpg,person,* sits at the back end of the sailboat.,person_25ad437e29_1
247,eval/images/person_c82235a49a_3_00280.jpg,person,* in black shirt has arms raised while facing brown raft.,person_c82235a49a_3
248,eval/images/fish_5458647306_2_00140.jpg,fish,a bright orange * with its full black dorsal fin and black tail with white tips visible.,fish_5458647306_2
249,eval/images/bird_e22de45950_3_00095.jpg,bird,an * behind a zebra.,bird_e22de45950_3
250,eval/images/person_4019231330_5_00145.jpg,person,* is on a different court from the player in the red cap.,person_4019231330_5
251,eval/images/whale_8a75ad7924_4_00175.jpg,whale,* is furthest from the whale making the biggest white splashes.,whale_8a75ad7924_4
252,eval/images/parrot_1157472b95_1_00175.jpg,parrot,an * perched on a branch between two other parrots.,parrot_1157472b95_1
253,eval/images/person_3e3e4be915_2_00150.jpg,person,an * in a red sweatshirt.,person_3e3e4be915_2
254,eval/images/fish_5458647306_1_00140.jpg,fish,* is a distance above a white fish.,fish_5458647306_1
255,eval/images/giraffe_d699d3d798_3_00090.jpg,giraffe,an * with its neck extended and head taller than the rest.,giraffe_d699d3d798_3
256,eval/images/ape_394638fc8b_4_00095.jpg,ape,an * looking at another ape by the rocks.,ape_394638fc8b_4
257,eval/images/parrot_6afd692f1a_1_00175.jpg,parrot,a yellow * sitting behind another parrot.,parrot_6afd692f1a_1
258,eval/images/person_250116161c_1_00090.jpg,person,an * wearing a green shirt.,person_250116161c_1
259,eval/images/person_c82235a49a_1_00280.jpg,person,an * being helped out of the water by another person.,person_c82235a49a_1
260,eval/images/dog_b08dcc490e_3_00090.jpg,dog,* faces the curved edge of the pool.,dog_b08dcc490e_3
261,eval/images/bird_967bffe201_3_00090.jpg,bird,* is in the group of four but is flying farthest from the standing person.,bird_967bffe201_3
262,eval/images/person_69c67f109f_1_00175.jpg,person,"an * in a red shirt, riding a wave.",person_69c67f109f_1
263,eval/images/frisbee_edbfdfe1b4_2_00175.jpg,frisbee,* is held in the dog's mouth.,frisbee_edbfdfe1b4_2
264,eval/images/person_c01faff1ed_3_00175.jpg,person,* is close to the fence surrounding the tennis court.,person_c01faff1ed_3
265,eval/images/fish_5baaebdf00_1_00175.jpg,fish,"an orange, white, and black * directly below a solid yellow one.",fish_5baaebdf00_1
266,eval/images/person_750be4c4d8_2_00145.jpg,person,an * in gray walks toward the bus.,person_750be4c4d8_2
267,eval/images/fox_98ac6f93d9_2_00145.jpg,fox,a brown * behind a black fox.,fox_98ac6f93d9_2
268,eval/images/person_ecae59b782_3_00175.jpg,person,an * wearing a blue shirt.,person_ecae59b782_3
269,eval/images/person_3c4db32d74_3_00140.jpg,person,an * wearing a brown coat.,person_3c4db32d74_3
270,eval/images/fish_40f4026bf5_1_00140.jpg,fish,an orange and white *.,fish_40f4026bf5_1
271,eval/images/person_b69926d9fa_1_00095.jpg,person,an * wearing a black shirt sitting on a black seat.,person_b69926d9fa_1
272,eval/images/parrot_6afd692f1a_2_00175.jpg,parrot,a white and black * sitting in front of another parrot.,parrot_6afd692f1a_2
273,eval/images/fish_0a8c467cc3_3_00175.jpg,fish,an * below two other fish.,fish_0a8c467cc3_3
274,eval/images/dolphin_847eeeb2e0_1_00175.jpg,dolphin,* is directly in front of a dolphin.,dolphin_847eeeb2e0_1
275,eval/images/person_b7fb871660_3_00050.jpg,person,an * wearing a pink hat.,person_b7fb871660_3
276,eval/images/person_541c4da30f_2_00090.jpg,person,an * riding a bike in black shorts with white stripes.,person_541c4da30f_2
277,eval/images/penguin_df01f277f1_1_00175.jpg,penguin,an * standing straight up on the rocks.,penguin_df01f277f1_1
278,eval/images/motorbike_6846ac20df_1_00095.jpg,motorbike,an * riding a green motor bike.,motorbike_6846ac20df_1
279,eval/images/person_dde8e67fb4_3_00175.jpg,person,an * wearing a red shirt.,person_dde8e67fb4_3
280,eval/images/fox_98ac6f93d9_1_00145.jpg,fox,a black * in front of a brown fox.,fox_98ac6f93d9_1
281,eval/images/sheep_3db1ddb8cf_2_00175.jpg,sheep,an * leans into the sheep to its left.,sheep_3db1ddb8cf_2
282,eval/images/fish_b2ce7699e3_2_00175.jpg,fish,an *  extended straight to see its full body horizontally.,fish_b2ce7699e3_2
283,eval/images/person_6b1e04d00d_3_00175.jpg,person,an * with two arms raised near a fence.,person_6b1e04d00d_3
284,eval/images/duck_5a50640995_2_00175.jpg,duck,* walks directly behind the lead white duck.,duck_5a50640995_2
285,eval/images/person_b44e32a42b_2_00090.jpg,person,*'s hand is nearly touching a wooden post.,person_b44e32a42b_2
286,eval/images/turtle_0df28a9101_3_00145.jpg,turtle,an * wedged between brick and wood.,turtle_0df28a9101_3
287,eval/images/person_9d04c280b8_1_00090.jpg,person,an * mostly hidden by someone and closest to the fence line.,person_9d04c280b8_1
288,eval/images/person_541c4da30f_1_00090.jpg,person,an * wearing a white helmet.,person_541c4da30f_1
289,eval/images/sheep_73e1852735_5_00145.jpg,sheep,* is farthest from the white rectangle on the pole.,sheep_73e1852735_5
290,eval/images/tiger_9a08e7a6f8_1_00175.jpg,tiger,an * next to a stone slab.,tiger_9a08e7a6f8_1
291,eval/images/person_4e72856cc7_2_00090.jpg,person,an * wearing a yellow and black helmet.,person_4e72856cc7_2
292,eval/images/ape_a34f440f33_1_00175.jpg,ape,an * sitting and looking at another animal and its baby.,ape_a34f440f33_1
293,eval/images/monkey_ae01cdab63_1_00175.jpg,monkey,an * crouched on a branch.,monkey_ae01cdab63_1
294,eval/images/bear_e3e3245492_3_00150.jpg,bear,an * in grass by a bigger bear.,bear_e3e3245492_3
295,eval/images/giraffe_c3e4274614_3_00090.jpg,giraffe,an * laying on the ground with its head up.,giraffe_c3e4274614_3
296,eval/images/duck_f22d21f1f1_5_00140.jpg,duck,an * in the middle of other ducks.,duck_f22d21f1f1_5
297,eval/images/lizard_4f827b0751_1_00140.jpg,lizard,* is below the brown lizard that looks forward.,lizard_4f827b0751_1
298,eval/images/sheep_21f4019116_3_00175.jpg,sheep,an * at the front of the line.,sheep_21f4019116_3
299,eval/images/person_4019231330_1_00145.jpg,person,an * throwing a tennis ball up.,person_4019231330_1
300,eval/images/giraffe_d699d3d798_2_00090.jpg,giraffe,an * at the front of the giraffes.,giraffe_d699d3d798_2
301,eval/images/parrot_0ce06e0121_1_00175.jpg,parrot,* is almost completely behind an arm.,parrot_0ce06e0121_1
302,eval/images/person_2d9a1a1d49_3_00080.jpg,person,an * riding a red bicycle.,person_2d9a1a1d49_3
303,eval/images/zebra_ef9a2e976b_2_00090.jpg,zebra,an * at the front of the other zebras.,zebra_ef9a2e976b_2
304,eval/images/person_63281534dc_1_00145.jpg,person,* hangs below a downward-facing airplane.,person_63281534dc_1
305,eval/images/person_dde8e67fb4_2_00175.jpg,person,an * wearing a black shirt.,person_dde8e67fb4_2
306,eval/images/person_b69926d9fa_2_00095.jpg,person,an * wearing a light blue shirt.,person_b69926d9fa_2
307,eval/images/duck_c8d79e3163_3_00175.jpg,duck,* is close to the black duck.,duck_c8d79e3163_3
308,eval/images/fish_ac2b431d5f_3_00145.jpg,fish,"* is in profile in front of a tight cluster of fish, obscuring them.",fish_ac2b431d5f_3
309,eval/images/fish_4cd427b535_2_00120.jpg,fish,* is at the bottom of a tall red object.,fish_4cd427b535_2
310,eval/images/whale_8a75ad7924_3_00175.jpg,whale,an * between two other whales.,whale_8a75ad7924_3
311,eval/images/duck_f22d21f1f1_2_00140.jpg,duck,an * is closest to the largest black and white duck.,duck_f22d21f1f1_2
312,eval/images/person_62d6ece152_2_00090.jpg,person,an * hidden mostly by the band's singer.,person_62d6ece152_2
313,eval/images/sheep_c8a46ff0c8_3_00145.jpg,sheep,an * at the back of the sheep.,sheep_c8a46ff0c8_3
314,eval/images/person_165ec9e22b_1_00140.jpg,person,an * wearing a red jacket.,person_165ec9e22b_1
315,eval/images/motorbike_165c42b41b_2_00090.jpg,motorbike,* is straddled by the person wearing black boots.,motorbike_165c42b41b_2
316,eval/images/dog_b08dcc490e_2_00090.jpg,dog,"a grey, white and black *.",dog_b08dcc490e_2
317,eval/images/mouse_1336440745_1_00175.jpg,mouse,an * heading in the direction of the blue enclosure with a round opening.,mouse_1336440745_1
318,eval/images/person_4e72856cc7_1_00090.jpg,person,an * wearing a red and white shirt.,person_4e72856cc7_1
319,eval/images/sheep_21f4019116_5_00175.jpg,sheep,* is in front of the first gray sheep.,sheep_21f4019116_5
320,eval/images/dog_d7b34e5d73_2_00090.jpg,dog,*'s head is next to a blue object.,dog_d7b34e5d73_2
321,eval/images/giant_panda_8e3a83cf2d_1_00090.jpg,giant_panda,an * hiding behind a plant and a branch.,giant_panda_8e3a83cf2d_1
322,eval/images/person_4019231330_3_00145.jpg,person,an * in a white shirt and black shorts.,person_4019231330_3
323,eval/images/giraffe_c3e4274614_2_00090.jpg,giraffe,an * laying on the ground with its neck down.,giraffe_c3e4274614_2
324,eval/images/fox_89363acf76_4_00145.jpg,fox,an * under a bigger fox.,fox_89363acf76_4
325,eval/images/leopard_f8c3fb2b01_1_00175.jpg,leopard,an * behind the barrier with no tail visible.,leopard_f8c3fb2b01_1
326,eval/images/snowboard_c55784c766_2_00175.jpg,snowboard,a black * attached to the feet of a person.,snowboard_c55784c766_2
327,eval/images/surfboard_a6d8a4228d_3_00175.jpg,surfboard,a white and blue * in the ocean.,surfboard_a6d8a4228d_3
328,eval/images/person_25ad437e29_2_00215.jpg,person,an * with long brown hair.,person_25ad437e29_2
329,eval/images/person_63281534dc_2_00145.jpg,person,an * parachutes.,person_63281534dc_2
330,eval/images/cow_f9ea6b7f31_2_00115.jpg,cow,an * with its head lowered next to a light brown cow.,cow_f9ea6b7f31_2
331,eval/images/person_cea7697b25_2_00120.jpg,person,an * wearing a grey sweatshirt.,person_cea7697b25_2
332,eval/images/sheep_73e1852735_3_00145.jpg,sheep,an * closest to the white  stone.,sheep_73e1852735_3
333,eval/images/cow_c8557963f3_2_00090.jpg,cow,a light brown * behind dark brown cows.,cow_c8557963f3_2
334,eval/images/person_3c4db32d74_2_00140.jpg,person,an * next to the person in a brown jacket.,person_3c4db32d74_2
335,eval/images/fox_acff336758_2_00175.jpg,fox,an * with its nose lowered to the straw.,fox_acff336758_2
336,eval/images/cow_f7cf4b4a39_1_00090.jpg,cow,an * walking between two other cows.,cow_f7cf4b4a39_1
337,eval/images/sedan_5f51876986_1_00095.jpg,sedan,a blue * on a road next to dead grass.,sedan_5f51876986_1
338,eval/images/sedan_df39a0d9df_2_00095.jpg,sedan,* is directly beneath a small red flag.,sedan_df39a0d9df_2
339,eval/images/duck_f22d21f1f1_4_00140.jpg,duck,* is furthest from the white duck and facing the opposite direction.,duck_f22d21f1f1_4
340,eval/images/fish_40f4026bf5_2_00140.jpg,fish,* is farthest from the white tube on the aquarium's edge.,fish_40f4026bf5_2
341,eval/images/person_a2554c9f6d_2_00080.jpg,person,an * with a hat on the back of a wagon.,person_a2554c9f6d_2
342,eval/images/sheep_73e1852735_2_00145.jpg,sheep,an * is near the water with its head up.,sheep_73e1852735_2
343,eval/images/person_bb1b0ee89f_1_00095.jpg,person,an * sitting on the front bench of a small fishing boat.,person_bb1b0ee89f_1
344,eval/images/frog_a66e0b7ad4_1_00175.jpg,frog,a black * moving over some pebbles.,frog_a66e0b7ad4_1
345,eval/images/sheep_21f4019116_4_00175.jpg,sheep,an * behind the leading sheep.,sheep_21f4019116_4
346,eval/images/tiger_7abdff3086_3_00145.jpg,tiger,* appears to be farthest from the person wearing a skirt.,tiger_7abdff3086_3
347,eval/images/dog_4804ee2767_2_00095.jpg,dog,an * standing on its hind legs.,dog_4804ee2767_2
348,eval/images/ape_a34f440f33_3_00175.jpg,ape,an * holdings hands with a larger ape.,ape_a34f440f33_3
349,eval/images/person_11ce6f452e_1_00090.jpg,person,an * wearing a black baseball cap.,person_11ce6f452e_1
350,eval/images/tiger_ea065cc205_1_00175.jpg,tiger,an * standing above another tiger.,tiger_ea065cc205_1
351,eval/images/parrot_07c62c3d11_1_00175.jpg,parrot,* is encircled by a red ring.,parrot_07c62c3d11_1
352,eval/images/person_41dab05200_1_00175.jpg,person,* is below a person wearing a large black pack.,person_41dab05200_1
353,eval/images/parrot_0ce06e0121_2_00175.jpg,parrot,an * that's being grabbed by a person.,parrot_0ce06e0121_2
354,eval/images/person_cea7697b25_1_00120.jpg,person,* stands next to yellow and white striped awning.,person_cea7697b25_1
355,eval/images/duck_c7bf937af5_2_00090.jpg,duck,* is nearest to the front duck that faces directly forward.,duck_c7bf937af5_2
356,eval/images/person_e0a938c6e7_2_00090.jpg,person,"a young * in a cowboy hat, riding a horse.",person_e0a938c6e7_2
357,eval/images/frog_dd415df125_3_00115.jpg,frog,an * between two frogs.,frog_dd415df125_3
358,eval/images/duck_c7bf937af5_1_00090.jpg,duck,"* faces forward, opposite the direction of the duck aligned behind it.",duck_c7bf937af5_1
359,eval/images/hat_081207976e_1_00165.jpg,hat,* is atop the head of the person next to the person wearing a white poncho.,hat_081207976e_1
360,eval/images/dog_d7b34e5d73_1_00090.jpg,dog,an * fully on a yellow mat.,dog_d7b34e5d73_1
361,eval/images/person_ecae59b782_1_00175.jpg,person,an * wearing a white shirt.,person_ecae59b782_1
362,eval/images/sedan_df39a0d9df_3_00095.jpg,sedan,an * closest to the tracks.,sedan_df39a0d9df_3
363,eval/images/parrot_1157472b95_2_00175.jpg,parrot,* faces forward perched on the straighter part of the branch.,parrot_1157472b95_2
364,eval/images/person_7f838baf2b_2_00175.jpg,person,an * wearing a green shirt and black jeans.,person_7f838baf2b_2
365,eval/images/hat_081207976e_2_00165.jpg,hat,* is on the head of the rider in a green poncho on a medium-brown horse.,hat_081207976e_2
366,eval/images/person_4e72856cc7_3_00090.jpg,person,an * on a red bike away from others.,person_4e72856cc7_3
367,eval/images/person_250116161c_2_00090.jpg,person,an * wearing white pants.,person_250116161c_2
368,eval/images/turtle_11c722a456_1_00175.jpg,turtle,an * swimming towards the surface of the water near underwater plants.,turtle_11c722a456_1
369,eval/images/person_11ce6f452e_3_00090.jpg,person,an * wearing a red shirt and a black hat.,person_11ce6f452e_3
370,eval/images/monkey_ae01cdab63_2_00175.jpg,monkey,an * with its tail extended upward and curled at the top.,monkey_ae01cdab63_2
371,eval/images/cow_c8557963f3_1_00090.jpg,cow,* is directly behind and headed in the same direction as a cow with a pale face.,cow_c8557963f3_1
372,eval/images/fish_686dafaac9_2_00140.jpg,fish,an * above the other fish.,fish_686dafaac9_2
373,eval/images/bear_7f3658460e_1_00090.jpg,bear,an * leading a smaller bear.,bear_7f3658460e_1
374,eval/images/fish_b2ce7699e3_3_00175.jpg,fish,an * swimming down towards white pebbles.,fish_b2ce7699e3_3
375,eval/images/person_668364b372_1_00095.jpg,person,* stands at the end of a row of temporary dividers.,person_668364b372_1
376,eval/images/duck_082900c5d4_2_00150.jpg,duck,an * furthest away from the other ducks.,duck_082900c5d4_2
377,eval/images/person_3aa3f1c9e8_1_00145.jpg,person,* is below the person whose arm is out with bent elbow.,person_3aa3f1c9e8_1
378,eval/images/frog_dd415df125_1_00115.jpg,frog,* is in front of a long greenish-yellow horizontal stalk.,frog_dd415df125_1
379,eval/images/person_f0c34e1213_1_00090.jpg,person,"an * walking in uniform, closest to the fence barrier.",person_f0c34e1213_1
380,eval/images/frisbee_edbfdfe1b4_1_00175.jpg,frisbee,a red * being held in someone's hand and not being shared by a dog.,frisbee_edbfdfe1b4_1
381,eval/images/person_720b398b9c_3_00090.jpg,person,an * standing inside a canoe.,person_720b398b9c_3
382,eval/images/bird_3d8997aeb6_1_00115.jpg,bird,* is behind the curved wires of the cage.,bird_3d8997aeb6_1
383,eval/images/dog_b08dcc490e_1_00090.jpg,dog,* stands alone on the red pool edge.,dog_b08dcc490e_1
384,eval/images/cow_b94d34d14e_1_00140.jpg,cow,* is furthest from the open double doors.,cow_b94d34d14e_1
385,eval/images/person_1f8014b7fd_4_00095.jpg,person,an * right behind the boy with a multi-colored shirt on.,person_1f8014b7fd_4
386,eval/images/giraffe_c3e4274614_4_00090.jpg,giraffe,an * that is standing with its head lowered to the ground.,giraffe_c3e4274614_4
387,eval/images/zebra_ef9a2e976b_1_00090.jpg,zebra,an * at the front of the group.,zebra_ef9a2e976b_1
388,eval/images/monkey_9b997664ba_1_00175.jpg,monkey,* is behind the low rock ledge.,monkey_9b997664ba_1
389,eval/images/person_bb1b0ee89f_2_00095.jpg,person,an * in orange swimming trunks.,person_bb1b0ee89f_2
390,eval/images/cow_f9ea6b7f31_3_00115.jpg,cow,* stands alone next to the fence by the blue container.,cow_f9ea6b7f31_3
391,eval/images/hat_b86e50d82d_1_00230.jpg,hat,a white * on top of a man's head.,hat_b86e50d82d_1
392,eval/images/rabbit_bf461df850_3_00145.jpg,rabbit,an * looking out the window.,rabbit_bf461df850_3
393,eval/images/motorbike_ff15a5eff6_2_00140.jpg,motorbike,* is underneath a pair of white boots.,motorbike_ff15a5eff6_2
394,eval/images/sheep_a78195a5f5_2_00145.jpg,sheep,an * in front of all the other sheep.,sheep_a78195a5f5_2
395,eval/images/person_50c6f4fe3e_1_00085.jpg,person,an * in a red jacket on a bike.,person_50c6f4fe3e_1
396,eval/images/duck_082900c5d4_1_00150.jpg,duck,* is in the water with its head tucked.,duck_082900c5d4_1
397,eval/images/tiger_a6a810a92c_1_00145.jpg,tiger,an * laying on another tiger's belly.,tiger_a6a810a92c_1
398,eval/images/person_c8edab0415_1_00145.jpg,person,an * in black standing on a ramp.,person_c8edab0415_1
399,eval/images/person_f233257395_2_00090.jpg,person,an * in a black shirt.,person_f233257395_2
400,eval/images/sedan_5f51876986_2_00095.jpg,sedan,* is next to a wall covered in foliage.,sedan_5f51876986_2
401,eval/images/sign_22a1141970_1_00290.jpg,sign,an * on a pillar.,sign_22a1141970_1
402,eval/images/person_b44e32a42b_3_00090.jpg,person,an * with short blonde hair wearing a striped shirt.,person_b44e32a42b_3
403,eval/images/cow_1d746352a6_3_00065.jpg,cow,spotted * is directly under a sign that reads cuca mano.,cow_1d746352a6_3
404,eval/images/fish_686dafaac9_3_00140.jpg,fish,* is farthest from the square black object.,fish_686dafaac9_3
405,eval/images/person_b7fb871660_1_00050.jpg,person,an * with a red and white shirt on.,person_b7fb871660_1
406,eval/images/fish_b2ce7699e3_1_00175.jpg,fish,an * in the middle of the tank.,fish_b2ce7699e3_1
407,eval/images/fish_5458647306_3_00140.jpg,fish,*'s tail overlaps the middle of what looks like a tube of water.,fish_5458647306_3
408,eval/images/zebra_96825c4714_1_00090.jpg,zebra,an * running behind two other zebras.,zebra_96825c4714_1
409,eval/images/bird_e63463d8c6_1_00165.jpg,bird,white * is on the long edge of the brown rectangular table top.,bird_e63463d8c6_1
410,eval/images/cow_01e64dd36a_1_00090.jpg,cow,*'s rear is next to the rear of the very long cow.,cow_01e64dd36a_1
411,eval/images/shark_081ae4fa44_1_00145.jpg,shark,an * closest to the sea floor.,shark_081ae4fa44_1
412,eval/images/cow_1d746352a6_2_00065.jpg,cow,the back end of a solid black * with horns that is facing two people walking by.,cow_1d746352a6_2
413,eval/images/fish_5baaebdf00_3_00175.jpg,fish,* faces forward at the same height next to a similarly colored fish.,fish_5baaebdf00_3
414,eval/images/hat_b86e50d82d_3_00230.jpg,hat,a gray * on a man's head.,hat_b86e50d82d_3
415,eval/images/bear_b06f5888e6_2_00090.jpg,bear,an * mostly out of the water.,bear_b06f5888e6_2
416,eval/images/turtle_11c722a456_2_00175.jpg,turtle,* is directly next to the green leaves.,turtle_11c722a456_2
417,eval/images/person_41dab05200_2_00175.jpg,person,an * wearing black shorts.,person_41dab05200_2
418,eval/images/sheep_c8a46ff0c8_4_00145.jpg,sheep,an * standing almost completely parallel to the enclosure where only the railing is seen.,sheep_c8a46ff0c8_4
419,eval/images/fox_09ff54fef4_1_00145.jpg,fox,the * is white with a fluffy tail.,fox_09ff54fef4_1
420,eval/images/whale_8a75ad7924_2_00175.jpg,whale,* is close to and parallel to the whale making a bigger white splash.,whale_8a75ad7924_2
421,eval/images/person_dac361e828_1_00175.jpg,person,an * strapped to the back of another person.,person_dac361e828_1
422,eval/images/person_50c6f4fe3e_3_00085.jpg,person,an * wearing a white shirt and black gloves.,person_50c6f4fe3e_3
423,eval/images/hat_53e32d21ea_3_00095.jpg,hat,an * with a white nose patch.,hat_53e32d21ea_3
424,eval/images/person_2c1a94ebfb_1_00090.jpg,person,"an * riding a bike in a white shirt and backpack, not paying attention to where they're going.",person_2c1a94ebfb_1
425,eval/images/sheep_e39e3e0a06_2_00095.jpg,sheep,"an * standing taller than the other young ones, but not as tall as the adult.",sheep_e39e3e0a06_2
426,eval/images/sheep_e39e3e0a06_1_00095.jpg,sheep,a baby * in front of the parent sheep.,sheep_e39e3e0a06_1
427,eval/images/person_2f680909e6_1_00175.jpg,person,an * wearing yellow skydiving gear.,person_2f680909e6_1
428,eval/images/fox_09ff54fef4_2_00145.jpg,fox,a brown * standing beside a white fox.,fox_09ff54fef4_2
429,eval/images/person_2d9a1a1d49_1_00080.jpg,person,an * riding a white bicycle.,person_2d9a1a1d49_1
430,eval/images/person_7f838baf2b_3_00175.jpg,person,* stands next to a red gate with a solid red bottom.,person_7f838baf2b_3
431,eval/images/cow_1e1e42529d_3_00075.jpg,cow,*'s back appears to sprout a pair of large branches like horns.,cow_1e1e42529d_3
432,eval/images/fox_89363acf76_2_00145.jpg,fox,* is almost completely hidden behind leaves.,fox_89363acf76_2
433,eval/images/paddle_d8e77a222d_1_00090.jpg,paddle,* is gripped by gloved hands of person wearing a red lifevest.,paddle_d8e77a222d_1
434,eval/images/parrot_59d53d1649_2_00175.jpg,parrot,an * standing in front of a mirror.,parrot_59d53d1649_2
435,eval/images/bear_b06f5888e6_1_00090.jpg,bear,an *  mostly submerged in the water with its head sticking out near some rocks.,bear_b06f5888e6_1
436,eval/images/fish_5baaebdf00_2_00175.jpg,fish,an orange * with white spots and fins.,fish_5baaebdf00_2
437,eval/images/tiger_a6a810a92c_2_00145.jpg,tiger,the back view of an * with its tail outstretched behind it.,tiger_a6a810a92c_2
438,eval/images/person_9d04c280b8_2_00090.jpg,person,an * wearing a black sweatshirt.,person_9d04c280b8_2
439,eval/images/person_3e3e4be915_1_00150.jpg,person,an * wears a red coat with cowl neck.,person_3e3e4be915_1
440,eval/images/hat_6b685eb75b_1_00095.jpg,hat,a white * on a child's head.,hat_6b685eb75b_1
441,eval/images/bird_e22de45950_2_00095.jpg,bird,an * behind a zebra.,bird_e22de45950_2
442,eval/images/parrot_a2a80072d4_2_00145.jpg,parrot,an * picking up a white toy.,parrot_a2a80072d4_2
443,eval/images/zebra_076f206928_2_00095.jpg,zebra,an * is white with black stripes.,zebra_076f206928_2
444,eval/images/monkey_9b997664ba_2_00175.jpg,monkey,an * hiding behind a rock.,monkey_9b997664ba_2
445,eval/images/shark_081ae4fa44_2_00145.jpg,shark,an * farthest away from the other sharks.,shark_081ae4fa44_2
446,eval/images/parrot_07c62c3d11_3_00175.jpg,parrot,an * in a manmade nest inside a red cage.,parrot_07c62c3d11_3
447,eval/images/fish_cf85ab28b5_1_00175.jpg,fish,* appears to be just below the large black rock-like structure.,fish_cf85ab28b5_1
448,eval/images/penguin_df01f277f1_2_00175.jpg,penguin,a black and white * that is looking towards the left.,penguin_df01f277f1_2
449,eval/images/mouse_f119bab27d_2_00145.jpg,mouse,an * with orange fur.,mouse_f119bab27d_2
450,eval/images/person_165c42b41b_1_00090.jpg,person,* leans forward atop a red and white motorbike.,person_165c42b41b_1
451,eval/images/sheep_e39e3e0a06_4_00095.jpg,sheep,an * standing beneath a larger sheep.,sheep_e39e3e0a06_4
452,eval/images/rabbit_bf461df850_1_00145.jpg,rabbit,and * has longer ears than the other rabbits.,rabbit_bf461df850_1
453,eval/images/person_668364b372_2_00095.jpg,person,an * with a white shirt leaning against a gate.,person_668364b372_2
454,eval/images/person_165ec9e22b_2_00140.jpg,person,an * wearing a white helmet.,person_165ec9e22b_2
455,eval/images/person_a6d8a4228d_4_00175.jpg,person,an * rides a white surfboard.,person_a6d8a4228d_4
456,eval/images/duck_5a50640995_1_00175.jpg,duck,an * moving in front of four other ducks.,duck_5a50640995_1
457,eval/images/person_f0c34e1213_2_00090.jpg,person,* faces toward a similar person standing right next to it.,person_f0c34e1213_2
458,eval/images/person_2f680909e6_2_00175.jpg,person,"an * on a yellow, red and white board.",person_2f680909e6_2
459,eval/images/person_7e1922575c_3_00095.jpg,person,* is behind the rail and not touching it.,person_7e1922575c_3
460,eval/images/tiger_9a08e7a6f8_2_00175.jpg,tiger,an * by some trees.,tiger_9a08e7a6f8_2
461,eval/images/person_af8826d084_1_00090.jpg,person,an * in a white shirt riding a horse.,person_af8826d084_1
462,eval/images/fish_cf85ab28b5_2_00175.jpg,fish,an orange and black * next to an orange and white fish.,fish_cf85ab28b5_2
463,eval/images/person_62d6ece152_3_00090.jpg,person,an * holding a guitar.,person_62d6ece152_3
464,eval/images/cow_f7cf4b4a39_2_00090.jpg,cow,an * in front of two other cows.,cow_f7cf4b4a39_2
465,eval/images/dog_77610860e0_2_00055.jpg,dog,an * with hind legs in the air.,dog_77610860e0_2
466,eval/images/turtle_0df28a9101_1_00145.jpg,turtle,an * standing next to a doorway.,turtle_0df28a9101_1
467,eval/images/bird_3d8997aeb6_2_00115.jpg,bird,an * is leaning on another bird.,bird_3d8997aeb6_2
468,eval/images/fish_4cd427b535_1_00120.jpg,fish,yellow * is swimming toward tall red object.,fish_4cd427b535_1
469,eval/images/bird_967bffe201_2_00090.jpg,bird,an * in flight with its wings outstretched almost completely in a horizontal position.,bird_967bffe201_2
470,eval/images/zebra_ef9a2e976b_3_00090.jpg,zebra,"*'s body is completely parallel with a zebra, obscuring most of it.",zebra_ef9a2e976b_3
471,eval/images/person_a2554c9f6d_1_00080.jpg,person,an * wearing a blue shirt and a white hat.,person_a2554c9f6d_1
472,eval/images/zebra_96825c4714_3_00090.jpg,zebra,an * between two zebras.,zebra_96825c4714_3
473,eval/images/duck_06ee361788_3_00090.jpg,duck,* is at the convergence of water ripples forming a v.,duck_06ee361788_3
474,eval/images/cow_01e64dd36a_2_00090.jpg,cow,an * hiding behind another cow.,cow_01e64dd36a_2
475,eval/images/frog_a66e0b7ad4_2_00175.jpg,frog,* is behind a red plant.,frog_a66e0b7ad4_2
476,eval/images/person_c8edab0415_3_00145.jpg,person,an * wearing a green shirt standing in front of a ramp.,person_c8edab0415_3
477,eval/images/rabbit_bf461df850_2_00145.jpg,rabbit,* is crouched on a flat orange object.,rabbit_bf461df850_2
478,eval/images/cow_1e1e42529d_1_00075.jpg,cow,an * leads the herd from the middle of the front.,cow_1e1e42529d_1
479,eval/images/ape_394638fc8b_3_00095.jpg,ape,* is behind the thin diagonal pole.,ape_394638fc8b_3
480,eval/images/ape_669b572898_2_00175.jpg,ape,* is stepping over a large crack in the ground.,ape_669b572898_2
481,eval/images/person_69c67f109f_3_00175.jpg,person,an * watching another person surf.,person_69c67f109f_3
482,eval/images/zebra_076f206928_1_00095.jpg,zebra,* appears to lie under the rear of a zebra.,zebra_076f206928_1
483,eval/images/person_2c1a94ebfb_2_00090.jpg,person,an * wearing a yellow shirt and jeans.,person_2c1a94ebfb_2
484,eval/images/duck_c8d79e3163_2_00175.jpg,duck,a black * floats in the water.,duck_c8d79e3163_2
485,eval/images/fox_89363acf76_3_00145.jpg,fox,an * behind the rest of the foxes.,fox_89363acf76_3
486,eval/images/parrot_5e08de0ed7_1_00175.jpg,parrot,an * perched inside a cage.,parrot_5e08de0ed7_1
487,eval/images/sheep_3db1ddb8cf_1_00175.jpg,sheep,an * in the middle of the group.,sheep_3db1ddb8cf_1
488,eval/images/dolphin_847eeeb2e0_2_00175.jpg,dolphin,* is directly behind a dolphin's tail end.,dolphin_847eeeb2e0_2
489,eval/images/bear_e3e3245492_2_00150.jpg,bear,an * very close to the big bear.,bear_e3e3245492_2
490,eval/images/lizard_4f827b0751_3_00140.jpg,lizard,a grey and yellow *.,lizard_4f827b0751_3
491,eval/images/parrot_1122c1d16a_3_00175.jpg,parrot,* is in the hand with its index finger extended and visible.,parrot_1122c1d16a_3
492,eval/images/ape_669b572898_3_00175.jpg,ape,an * walking behind another ape.,ape_669b572898_3
493,eval/images/bird_967bffe201_1_00090.jpg,bird,an * by the highest mound,bird_967bffe201_1
494,eval/images/sheep_c8a46ff0c8_5_00145.jpg,sheep,"* stands parallel to the sheep closest to the white rail, but facing the opposite way.",sheep_c8a46ff0c8_5
495,eval/images/person_3af847e62f_2_00090.jpg,person,* is holding the head of the black animal.,person_3af847e62f_2
496,eval/images/bear_7f3658460e_2_00090.jpg,bear,a young brown * following an adult in an overgrown area.,bear_7f3658460e_2
497,eval/images/parrot_a2a80072d4_1_00145.jpg,parrot,green and blue * is hovering over round white item.,parrot_a2a80072d4_1
